target,collocate,exp_local,obs_local,ratio_local,obs_global,p_value
他,之后,19.85673597265736,39,1.9640690219028358,51,5.1515343314179147e-08
他,觉得,15.96325833095984,28,1.7540278694666975,41,0.00013123962433543584
他,心里,11.291085160922814,26,2.3027016118860835,29,1.913663915601595e-08
他,长兄,8.176303047564796,20,2.446093287351517,21,8.245283439490177e-08
他,一天,13.237823981771575,19,1.4352812083136108,34,0.033317050835141554
他,同学,8.176303047564796,16,1.9568746298812139,21,0.0005796365543863858
他,学校,8.9549985759043,15,1.6750421424254955,23,0.009599885171462345
他,忽然,6.618911990885787,13,1.9640690219028358,17,0.0018735685598830327
他,看看,6.229564226716035,12,1.9262984637893197,16,0.003740088075716591
他,知道,7.00825975505554,11,1.5695765260505568,18,0.04731625776744451
他,眼睛,4.672173170037026,8,1.712265301146062,12,0.048762698289054655
他,面色,3.50412987752777,8,2.2830204015280824,9,0.00309688957382717
他,主人,3.893477641697522,7,1.797878566203365,10,0.04717987097202457
他,一看,3.1147821133580176,6,1.9262984637893197,8,0.04346590891339231
他,一家,3.1147821133580176,6,1.9262984637893197,8,0.04346590891339231
他,女儿,2.7254343491882653,6,2.2014839586163655,7,0.016218115291107033
他,想到,2.336086585018513,6,2.568397951719093,6,0.003475805689611136
他,近来,1.946738820848761,5,2.568397951719093,5,0.008933906811651246
他,正在,2.336086585018513,5,2.1403316264325776,6,0.03622441242160038
他,有时候,2.336086585018513,5,2.1403316264325776,6,0.03622441242160038
他,面前,2.336086585018513,5,2.1403316264325776,6,0.03622441242160038
他,一张,1.5573910566790088,4,2.568397951719093,4,0.022959508132064467
他,忧郁症,1.5573910566790088,4,2.568397951719093,4,0.022959508132064467
他,安静,1.5573910566790088,4,2.568397951719093,4,0.022959508132064467
他,一场,1.5573910566790088,4,2.568397951719093,4,0.022959508132064467
他,只见,1.5573910566790088,4,2.568397951719093,4,0.022959508132064467
他,事情,1.5573910566790088,4,2.568397951719093,4,0.022959508132064467
